series,adf_stat,p_value,used_lag,n_obs,critical_5pct,stationary_at_5pct
gdp_growth,-2.2567644816131356,0.18629148901131742,9,62,-2.9094272025108254,False
npa_ratio,-1.8601116968385736,0.3510520711172388,1,70,-2.903810816326531,False
repo_rate,-2.4854841314095975,0.11904625888888165,5,66,-2.9064436883991434,False
