series,adf_stat,p_value,used_lag,n_obs
credit_growth,-2.8319224262089895,0.05385657090307756,5,62
gdp_growth,-2.3220168102732504,0.1649653968431471,9,58
npa_ratio,-1.6222386411329868,0.4715558600120052,1,66
repo_rate,-2.365445998989037,0.15172740691471148,5,62
