series,adf_stat,p_value,used_lag,n_obs,critical_5pct,stationary_at_5pct
gdp_growth,-3.020760979100419,0.03300054863878361,9,62,-2.9094272025108254,True
npa_ratio,-1.8601116968385736,0.3510520711172388,1,70,-2.903810816326531,False
repo_rate,-2.6061350233959364,0.09173590079281901,5,66,-2.9064436883991434,False
