caused,causing,f_stat,p_value,significant_at_5pct
npa_ratio,repo_rate,0.3842601426837396,0.6814935625217047,False
repo_rate,npa_ratio,0.021370257739141554,0.9788588713144468,False
npa_ratio,gdp_growth,0.16806550726972905,0.8454266822297577,False
