caused,causing,f_stat,p_value,significant_at_5pct
npa_ratio,repo_rate,0.00332250123960242,0.9540816532677752,False
repo_rate,npa_ratio,1.1758495314448891,0.2792728469218762,False
npa_ratio,gdp_growth,0.4765701332725298,0.49063615232555935,False
npa_ratio,credit_growth,1.30859620646319,0.25376998041057036,False
