caused,causing,f_stat,p_value,significant_at_5pct
npa_ratio,repo_rate,1.871111701338924,0.17289826409077438,False
repo_rate,npa_ratio,0.057039831645992176,0.8114843187893646,False
npa_ratio,gdp_growth,0.3553243676118088,0.5517953296820001,False
