lag,aic,bic,hqic,fpe,chosen_by_rule
0,-2.566221271971028,-2.464167237380955,-2.526082921341632,0.07682591412308178,False
1,-4.808968679102957,-4.4007525407426655,-4.648415276585373,0.008160453516079507,True
2,-4.6966728659348504,-3.9822946238043397,-4.415704411529078,0.009150846606641602,False
3,-4.587824218719527,-3.5672838728187974,-4.186440712425567,0.010257946676011953,False
4,-4.744482663978672,-3.4177802143077227,-4.222684105796523,0.008857888177152398,False
5,-5.119555426780331,-3.486690873339163,-4.477341816709993,0.006186014886010124,False
6,-4.894623650154457,-2.95559699294307,-4.13199498819593,0.00793431210787788,False
7,-4.734159213515001,-2.488970452533395,-3.8511154996682864,0.009636862025340275,False
8,-5.3085814593436265,-2.7572305945918023,-4.305122693608724,0.005682966701278563,False
