series,durbin_watson,model_stable,whiteness_stat,whiteness_pvalue
npa_ratio,1.8671040607818488,True,72.82578708156143,0.21035408281320297
repo_rate,1.767173806202482,True,72.82578708156143,0.21035408281320297
gdp_growth,1.7392503295563717,True,72.82578708156143,0.21035408281320297
credit_growth,1.749857975487376,True,72.82578708156143,0.21035408281320297
