lag,aic,bic,hqic,fpe,chosen_by_rule
0,-1.1389135637722272,-1.0368595291821543,-1.0987752131428312,0.3201692348538799,False
1,-4.45670847062499,-4.048492332264698,-4.296155068107406,0.011606438112625699,False
2,-5.017440560839285,-4.303062318708774,-4.736472106433513,0.0066397791700905425,True
3,-4.8366000014407655,-3.8160596555400357,-4.435216495146804,0.007998683038566238,False
4,-4.729466619015986,-3.4027641693450374,-4.2076680608338375,0.008991902287111749,False
5,-5.065993344469705,-3.433128791028537,-4.423779734399367,0.006526384815647392,False
6,-5.319168628382527,-3.38014197117114,-4.556539966424,0.005189574354082873,False
7,-5.153297845142932,-2.9081090841613255,-4.270254131296217,0.006337325968567173,False
8,-5.076433247527799,-2.525082382775974,-4.072974481792896,0.007167963723451576,False
