series,durbin_watson,model_stable,whiteness_stat,whiteness_pvalue
npa_ratio,2.033340294777972,True,64.23121557599183,0.0026140658114969656
repo_rate,2.0940963876285963,True,64.23121557599183,0.0026140658114969656
gdp_growth,2.067437964950677,True,64.23121557599183,0.0026140658114969656
