series,durbin_watson
npa_ratio,1.8671040607818488
repo_rate,1.767173806202482
gdp_growth,1.7392503295563717
credit_growth,1.749857975487376
