lag,aic,bic,hqic,fpe,chosen_by_rule
0,-2.4060055112586105,-2.298476497162055,-2.3642160721828236,0.09017575228564052,False
1,-4.724200218423023,-4.294084162036802,-4.557042462119877,0.008883967793884215,True
2,-4.501293285501547,-3.74859018682566,-4.20876721197104,0.011136189518737169,False
3,-4.335037038013757,-3.259746897048204,-3.91714264725589,0.013246345658892498,False
4,-4.336290903196382,-2.938413719941163,-3.793028195211154,0.013409456238929331,False
5,-5.0294754357243585,-3.3090112101794737,-4.3608444105117705,0.006853307896242775,False
6,-4.784889221998401,-2.7418379541638505,-3.990889879558453,0.009045863656168768,False
7,-4.603159937070847,-2.2375216269466307,-3.6837922774035397,0.011371443324330188,False
8,-4.904092498679985,-2.2158671462661017,-3.859356521785316,0.008980305181624185,False
