series,durbin_watson,model_stable,whiteness_stat,whiteness_pvalue
npa_ratio,1.8661242764731847,True,70.46597082699506,0.0005167655571501847
repo_rate,1.752204940261751,True,70.46597082699506,0.0005167655571501847
gdp_growth,1.738616045748353,True,70.46597082699506,0.0005167655571501847
